Series Name,Series Code,Country Name,Country Code,1990 [YR1990],2000 [YR2000],2006 [YR2006],2007 [YR2007],2008 [YR2008],2009 [YR2009],2010 [YR2010],2011 [YR2011],2012 [YR2012],2013 [YR2013],2014 [YR2014],2015 [YR2015]
UHC service coverage index,SH.UHC.SRVS.CV.XD,Afghanistan,AFG,..,..,..,..,..,..,..,..,..,..,..,34
UHC service coverage index,SH.UHC.SRVS.CV.XD,Albania,ALB,..,..,..,..,..,..,..,..,..,..,..,62
UHC service coverage index,SH.UHC.SRVS.CV.XD,Algeria,DZA,..,..,..,..,..,..,..,..,..,..,..,..
UHC service coverage index,SH.UHC.SRVS.CV.XD,American Samoa,ASM,..,..,..,..,..,..,..,..,..,..,..,..
UHC service coverage index,SH.UHC.SRVS.CV.XD,Andorra,AND,..,..,..,..,..,..,..,..,..,..,..,..
UHC service coverage index,SH.UHC.SRVS.CV.XD,Angola,AGO,..,..,..,..,..,..,..,..,..,..,..,36
UHC service coverage index,SH.UHC.SRVS.CV.XD,Antigua and Barbuda,ATG,..,..,..,..,..,..,..,..,..,..,..,..
UHC service coverage index,SH.UHC.SRVS.CV.XD,Argentina,ARG,..,..,..,..,..,..,..,..,..,..,..,76
UHC service coverage index,SH.UHC.SRVS.CV.XD,Armenia,ARM,..,..,..,..,..,..,..,..,..,..,..,67
UHC service coverage index,SH.UHC.SRVS.CV.XD,Aruba,ABW,..,..,..,..,..,..,..,..,..,..,..,..
UHC service coverage index,SH.UHC.SRVS.CV.XD,Australia,AUS,..,..,..,..,..,..,..,..,..,..,..,80
UHC service coverage index,SH.UHC.SRVS.CV.XD,Austria,AUT,..,..,..,..,..,..,..,..,..,..,..,80
UHC service coverage index,SH.UHC.SRVS.CV.XD,Azerbaijan,AZE,..,..,..,..,..,..,..,..,..,..,..,64
UHC service coverage index,SH.UHC.SRVS.CV.XD,"Bahamas, The",BHS,..,..,..,..,..,..,..,..,..,..,..,..
UHC service coverage index,SH.UHC.SRVS.CV.XD,Bahrain,BHR,..,..,..,..,..,..,..,..,..,..,..,..
UHC service coverage index,SH.UHC.SRVS.CV.XD,Bangladesh,BGD,..,..,..,..,..,..,..,..,..,..,..,46
UHC service coverage index,SH.UHC.SRVS.CV.XD,Barbados,BRB,..,..,..,..,..,..,..,..,..,..,..,..
UHC service coverage index,SH.UHC.SRVS.CV.XD,Belarus,BLR,..,..,..,..,..,..,..,..,..,..,..,74
UHC service coverage index,SH.UHC.SRVS.CV.XD,Belgium,BEL,..,..,..,..,..,..,..,..,..,..,..,80
UHC service coverage index,SH.UHC.SRVS.CV.XD,Belize,BLZ,..,..,..,..,..,..,..,..,..,..,..,..
UHC service coverage index,SH.UHC.SRVS.CV.XD,Benin,BEN,..,..,..,..,..,..,..,..,..,..,..,41
UHC service coverage index,SH.UHC.SRVS.CV.XD,Bermuda,BMU,..,..,..,..,..,..,..,..,..,..,..,..
UHC service coverage index,SH.UHC.SRVS.CV.XD,Bhutan,BTN,..,..,..,..,..,..,..,..,..,..,..,..
UHC service coverage index,SH.UHC.SRVS.CV.XD,Bolivia,BOL,..,..,..,..,..,..,..,..,..,..,..,60
UHC service coverage index,SH.UHC.SRVS.CV.XD,Bosnia and Herzegovina,BIH,..,..,..,..,..,..,..,..,..,..,..,57
UHC service coverage index,SH.UHC.SRVS.CV.XD,Botswana,BWA,..,..,..,..,..,..,..,..,..,..,..,60
UHC service coverage index,SH.UHC.SRVS.CV.XD,Brazil,BRA,..,..,..,..,..,..,..,..,..,..,..,77
UHC service coverage index,SH.UHC.SRVS.CV.XD,British Virgin Islands,VGB,..,..,..,..,..,..,..,..,..,..,..,..
UHC service coverage index,SH.UHC.SRVS.CV.XD,Brunei Darussalam,BRN,..,..,..,..,..,..,..,..,..,..,..,..
UHC service coverage index,SH.UHC.SRVS.CV.XD,Bulgaria,BGR,..,..,..,..,..,..,..,..,..,..,..,64
UHC service coverage index,SH.UHC.SRVS.CV.XD,Burkina Faso,BFA,..,..,..,..,..,..,..,..,..,..,..,39
UHC service coverage index,SH.UHC.SRVS.CV.XD,Burundi,BDI,..,..,..,..,..,..,..,..,..,..,..,43
UHC service coverage index,SH.UHC.SRVS.CV.XD,Cabo Verde,CPV,..,..,..,..,..,..,..,..,..,..,..,62
UHC service coverage index,SH.UHC.SRVS.CV.XD,Cambodia,KHM,..,..,..,..,..,..,..,..,..,..,..,55
UHC service coverage index,SH.UHC.SRVS.CV.XD,Cameroon,CMR,..,..,..,..,..,..,..,..,..,..,..,44
UHC service coverage index,SH.UHC.SRVS.CV.XD,Canada,CAN,..,..,..,..,..,..,..,..,..,..,..,80
UHC service coverage index,SH.UHC.SRVS.CV.XD,Cayman Islands,CYM,..,..,..,..,..,..,..,..,..,..,..,..
UHC service coverage index,SH.UHC.SRVS.CV.XD,Central African Republic,CAF,..,..,..,..,..,..,..,..,..,..,..,..
UHC service coverage index,SH.UHC.SRVS.CV.XD,Chad,TCD,..,..,..,..,..,..,..,..,..,..,..,29
UHC service coverage index,SH.UHC.SRVS.CV.XD,Channel Islands,CHI,..,..,..,..,..,..,..,..,..,..,..,..
UHC service coverage index,SH.UHC.SRVS.CV.XD,Chile,CHL,..,..,..,..,..,..,..,..,..,..,..,70
UHC service coverage index,SH.UHC.SRVS.CV.XD,China,CHN,..,..,..,..,..,..,..,..,..,..,..,76
UHC service coverage index,SH.UHC.SRVS.CV.XD,Colombia,COL,..,..,..,..,..,..,..,..,..,..,..,76
UHC service coverage index,SH.UHC.SRVS.CV.XD,Comoros,COM,..,..,..,..,..,..,..,..,..,..,..,..
UHC service coverage index,SH.UHC.SRVS.CV.XD,"Congo, Dem. Rep.",COD,..,..,..,..,..,..,..,..,..,..,..,40
UHC service coverage index,SH.UHC.SRVS.CV.XD,"Congo, Rep.",COG,..,..,..,..,..,..,..,..,..,..,..,..
UHC service coverage index,SH.UHC.SRVS.CV.XD,Costa Rica,CRI,..,..,..,..,..,..,..,..,..,..,..,75
UHC service coverage index,SH.UHC.SRVS.CV.XD,Cote d'Ivoire,CIV,..,..,..,..,..,..,..,..,..,..,..,44
UHC service coverage index,SH.UHC.SRVS.CV.XD,Croatia,HRV,..,..,..,..,..,..,..,..,..,..,..,69
UHC service coverage index,SH.UHC.SRVS.CV.XD,Cuba,CUB,..,..,..,..,..,..,..,..,..,..,..,..
UHC service coverage index,SH.UHC.SRVS.CV.XD,Curacao,CUW,..,..,..,..,..,..,..,..,..,..,..,..
UHC service coverage index,SH.UHC.SRVS.CV.XD,Cyprus,CYP,..,..,..,..,..,..,..,..,..,..,..,73
UHC service coverage index,SH.UHC.SRVS.CV.XD,Czech Republic,CZE,..,..,..,..,..,..,..,..,..,..,..,73
UHC service coverage index,SH.UHC.SRVS.CV.XD,Denmark,DNK,..,..,..,..,..,..,..,..,..,..,..,80
UHC service coverage index,SH.UHC.SRVS.CV.XD,Djibouti,DJI,..,..,..,..,..,..,..,..,..,..,..,47
UHC service coverage index,SH.UHC.SRVS.CV.XD,Dominica,DMA,..,..,..,..,..,..,..,..,..,..,..,..
UHC service coverage index,SH.UHC.SRVS.CV.XD,Dominican Republic,DOM,..,..,..,..,..,..,..,..,..,..,..,74
UHC service coverage index,SH.UHC.SRVS.CV.XD,Ecuador,ECU,..,..,..,..,..,..,..,..,..,..,..,75
UHC service coverage index,SH.UHC.SRVS.CV.XD,"Egypt, Arab Rep.",EGY,..,..,..,..,..,..,..,..,..,..,..,68
UHC service coverage index,SH.UHC.SRVS.CV.XD,El Salvador,SLV,..,..,..,..,..,..,..,..,..,..,..,..
UHC service coverage index,SH.UHC.SRVS.CV.XD,Equatorial Guinea,GNQ,..,..,..,..,..,..,..,..,..,..,..,..
UHC service coverage index,SH.UHC.SRVS.CV.XD,Eritrea,ERI,..,..,..,..,..,..,..,..,..,..,..,..
UHC service coverage index,SH.UHC.SRVS.CV.XD,Estonia,EST,..,..,..,..,..,..,..,..,..,..,..,76
UHC service coverage index,SH.UHC.SRVS.CV.XD,Eswatini,SWZ,..,..,..,..,..,..,..,..,..,..,..,58
UHC service coverage index,SH.UHC.SRVS.CV.XD,Ethiopia,ETH,..,..,..,..,..,..,..,..,..,..,..,39
UHC service coverage index,SH.UHC.SRVS.CV.XD,Faroe Islands,FRO,..,..,..,..,..,..,..,..,..,..,..,..
UHC service coverage index,SH.UHC.SRVS.CV.XD,Fiji,FJI,..,..,..,..,..,..,..,..,..,..,..,66
UHC service coverage index,SH.UHC.SRVS.CV.XD,Finland,FIN,..,..,..,..,..,..,..,..,..,..,..,79
UHC service coverage index,SH.UHC.SRVS.CV.XD,France,FRA,..,..,..,..,..,..,..,..,..,..,..,..
UHC service coverage index,SH.UHC.SRVS.CV.XD,French Polynesia,PYF,..,..,..,..,..,..,..,..,..,..,..,..
UHC service coverage index,SH.UHC.SRVS.CV.XD,Gabon,GAB,..,..,..,..,..,..,..,..,..,..,..,52
UHC service coverage index,SH.UHC.SRVS.CV.XD,"Gambia, The",GMB,..,..,..,..,..,..,..,..,..,..,..,..
UHC service coverage index,SH.UHC.SRVS.CV.XD,Georgia,GEO,..,..,..,..,..,..,..,..,..,..,..,66
UHC service coverage index,SH.UHC.SRVS.CV.XD,Germany,DEU,..,..,..,..,..,..,..,..,..,..,..,79
UHC service coverage index,SH.UHC.SRVS.CV.XD,Ghana,GHA,..,..,..,..,..,..,..,..,..,..,..,45
UHC service coverage index,SH.UHC.SRVS.CV.XD,Gibraltar,GIB,..,..,..,..,..,..,..,..,..,..,..,..
UHC service coverage index,SH.UHC.SRVS.CV.XD,Greece,GRC,..,..,..,..,..,..,..,..,..,..,..,70
UHC service coverage index,SH.UHC.SRVS.CV.XD,Greenland,GRL,..,..,..,..,..,..,..,..,..,..,..,..
UHC service coverage index,SH.UHC.SRVS.CV.XD,Grenada,GRD,..,..,..,..,..,..,..,..,..,..,..,..
UHC service coverage index,SH.UHC.SRVS.CV.XD,Guam,GUM,..,..,..,..,..,..,..,..,..,..,..,..
UHC service coverage index,SH.UHC.SRVS.CV.XD,Guatemala,GTM,..,..,..,..,..,..,..,..,..,..,..,57
UHC service coverage index,SH.UHC.SRVS.CV.XD,Guinea,GIN,..,..,..,..,..,..,..,..,..,..,..,35
UHC service coverage index,SH.UHC.SRVS.CV.XD,Guinea-Bissau,GNB,..,..,..,..,..,..,..,..,..,..,..,..
UHC service coverage index,SH.UHC.SRVS.CV.XD,Guyana,GUY,..,..,..,..,..,..,..,..,..,..,..,..
UHC service coverage index,SH.UHC.SRVS.CV.XD,Haiti,HTI,..,..,..,..,..,..,..,..,..,..,..,..
UHC service coverage index,SH.UHC.SRVS.CV.XD,Honduras,HND,..,..,..,..,..,..,..,..,..,..,..,64
UHC service coverage index,SH.UHC.SRVS.CV.XD,"Hong Kong SAR, China",HKG,..,..,..,..,..,..,..,..,..,..,..,..
UHC service coverage index,SH.UHC.SRVS.CV.XD,Hungary,HUN,..,..,..,..,..,..,..,..,..,..,..,70
UHC service coverage index,SH.UHC.SRVS.CV.XD,Iceland,ISL,..,..,..,..,..,..,..,..,..,..,..,80
UHC service coverage index,SH.UHC.SRVS.CV.XD,India,IND,..,..,..,..,..,..,..,..,..,..,..,56
UHC service coverage index,SH.UHC.SRVS.CV.XD,Indonesia,IDN,..,..,..,..,..,..,..,..,..,..,..,49
UHC service coverage index,SH.UHC.SRVS.CV.XD,"Iran, Islamic Rep.",IRN,..,..,..,..,..,..,..,..,..,..,..,65
UHC service coverage index,SH.UHC.SRVS.CV.XD,Iraq,IRQ,..,..,..,..,..,..,..,..,..,..,..,..
UHC service coverage index,SH.UHC.SRVS.CV.XD,Ireland,IRL,..,..,..,..,..,..,..,..,..,..,..,78
UHC service coverage index,SH.UHC.SRVS.CV.XD,Isle of Man,IMN,..,..,..,..,..,..,..,..,..,..,..,..
UHC service coverage index,SH.UHC.SRVS.CV.XD,Israel,ISR,..,..,..,..,..,..,..,..,..,..,..,80
UHC service coverage index,SH.UHC.SRVS.CV.XD,Italy,ITA,..,..,..,..,..,..,..,..,..,..,..,80
UHC service coverage index,SH.UHC.SRVS.CV.XD,Jamaica,JAM,..,..,..,..,..,..,..,..,..,..,..,60
UHC service coverage index,SH.UHC.SRVS.CV.XD,Japan,JPN,..,..,..,..,..,..,..,..,..,..,..,80
UHC service coverage index,SH.UHC.SRVS.CV.XD,Jordan,JOR,..,..,..,..,..,..,..,..,..,..,..,70
UHC service coverage index,SH.UHC.SRVS.CV.XD,Kazakhstan,KAZ,..,..,..,..,..,..,..,..,..,..,..,71
UHC service coverage index,SH.UHC.SRVS.CV.XD,Kenya,KEN,..,..,..,..,..,..,..,..,..,..,..,57
UHC service coverage index,SH.UHC.SRVS.CV.XD,Kiribati,KIR,..,..,..,..,..,..,..,..,..,..,..,..
UHC service coverage index,SH.UHC.SRVS.CV.XD,"Korea, Dem. Peopleâ€™s Rep.",PRK,..,..,..,..,..,..,..,..,..,..,..,..
UHC service coverage index,SH.UHC.SRVS.CV.XD,"Korea, Rep.",KOR,..,..,..,..,..,..,..,..,..,..,..,80
UHC service coverage index,SH.UHC.SRVS.CV.XD,Kosovo,XKX,..,..,..,..,..,..,..,..,..,..,..,..
UHC service coverage index,SH.UHC.SRVS.CV.XD,Kuwait,KWT,..,..,..,..,..,..,..,..,..,..,..,..
UHC service coverage index,SH.UHC.SRVS.CV.XD,Kyrgyz Republic,KGZ,..,..,..,..,..,..,..,..,..,..,..,66
UHC service coverage index,SH.UHC.SRVS.CV.XD,Lao PDR,LAO,..,..,..,..,..,..,..,..,..,..,..,48
UHC service coverage index,SH.UHC.SRVS.CV.XD,Latvia,LVA,..,..,..,..,..,..,..,..,..,..,..,64
UHC service coverage index,SH.UHC.SRVS.CV.XD,Lebanon,LBN,..,..,..,..,..,..,..,..,..,..,..,68
UHC service coverage index,SH.UHC.SRVS.CV.XD,Lesotho,LSO,..,..,..,..,..,..,..,..,..,..,..,45
UHC service coverage index,SH.UHC.SRVS.CV.XD,Liberia,LBR,..,..,..,..,..,..,..,..,..,..,..,34
UHC service coverage index,SH.UHC.SRVS.CV.XD,Libya,LBY,..,..,..,..,..,..,..,..,..,..,..,..
UHC service coverage index,SH.UHC.SRVS.CV.XD,Liechtenstein,LIE,..,..,..,..,..,..,..,..,..,..,..,..
UHC service coverage index,SH.UHC.SRVS.CV.XD,Lithuania,LTU,..,..,..,..,..,..,..,..,..,..,..,67
UHC service coverage index,SH.UHC.SRVS.CV.XD,Luxembourg,LUX,..,..,..,..,..,..,..,..,..,..,..,80
UHC service coverage index,SH.UHC.SRVS.CV.XD,"Macao SAR, China",MAC,..,..,..,..,..,..,..,..,..,..,..,..
UHC service coverage index,SH.UHC.SRVS.CV.XD,Madagascar,MDG,..,..,..,..,..,..,..,..,..,..,..,30
UHC service coverage index,SH.UHC.SRVS.CV.XD,Malawi,MWI,..,..,..,..,..,..,..,..,..,..,..,44
UHC service coverage index,SH.UHC.SRVS.CV.XD,Malaysia,MYS,..,..,..,..,..,..,..,..,..,..,..,70
UHC service coverage index,SH.UHC.SRVS.CV.XD,Maldives,MDV,..,..,..,..,..,..,..,..,..,..,..,55
UHC service coverage index,SH.UHC.SRVS.CV.XD,Mali,MLI,..,..,..,..,..,..,..,..,..,..,..,32
UHC service coverage index,SH.UHC.SRVS.CV.XD,Malta,MLT,..,..,..,..,..,..,..,..,..,..,..,79
UHC service coverage index,SH.UHC.SRVS.CV.XD,Marshall Islands,MHL,..,..,..,..,..,..,..,..,..,..,..,..
UHC service coverage index,SH.UHC.SRVS.CV.XD,Mauritania,MRT,..,..,..,..,..,..,..,..,..,..,..,33
UHC service coverage index,SH.UHC.SRVS.CV.XD,Mauritius,MUS,..,..,..,..,..,..,..,..,..,..,..,64
UHC service coverage index,SH.UHC.SRVS.CV.XD,Mexico,MEX,..,..,..,..,..,..,..,..,..,..,..,76
UHC service coverage index,SH.UHC.SRVS.CV.XD,"Micronesia, Fed. Sts.",FSM,..,..,..,..,..,..,..,..,..,..,..,..
UHC service coverage index,SH.UHC.SRVS.CV.XD,Moldova,MDA,..,..,..,..,..,..,..,..,..,..,..,65
UHC service coverage index,SH.UHC.SRVS.CV.XD,Monaco,MCO,..,..,..,..,..,..,..,..,..,..,..,..
UHC service coverage index,SH.UHC.SRVS.CV.XD,Mongolia,MNG,..,..,..,..,..,..,..,..,..,..,..,63
UHC service coverage index,SH.UHC.SRVS.CV.XD,Montenegro,MNE,..,..,..,..,..,..,..,..,..,..,..,54
UHC service coverage index,SH.UHC.SRVS.CV.XD,Morocco,MAR,..,..,..,..,..,..,..,..,..,..,..,65
UHC service coverage index,SH.UHC.SRVS.CV.XD,Mozambique,MOZ,..,..,..,..,..,..,..,..,..,..,..,42
UHC service coverage index,SH.UHC.SRVS.CV.XD,Myanmar,MMR,..,..,..,..,..,..,..,..,..,..,..,..
UHC service coverage index,SH.UHC.SRVS.CV.XD,Namibia,NAM,..,..,..,..,..,..,..,..,..,..,..,..
UHC service coverage index,SH.UHC.SRVS.CV.XD,Nauru,NRU,..,..,..,..,..,..,..,..,..,..,..,..
UHC service coverage index,SH.UHC.SRVS.CV.XD,Nepal,NPL,..,..,..,..,..,..,..,..,..,..,..,46
UHC service coverage index,SH.UHC.SRVS.CV.XD,Netherlands,NLD,..,..,..,..,..,..,..,..,..,..,..,..
UHC service coverage index,SH.UHC.SRVS.CV.XD,New Caledonia,NCL,..,..,..,..,..,..,..,..,..,..,..,..
UHC service coverage index,SH.UHC.SRVS.CV.XD,New Zealand,NZL,..,..,..,..,..,..,..,..,..,..,..,..
UHC service coverage index,SH.UHC.SRVS.CV.XD,Nicaragua,NIC,..,..,..,..,..,..,..,..,..,..,..,70
UHC service coverage index,SH.UHC.SRVS.CV.XD,Niger,NER,..,..,..,..,..,..,..,..,..,..,..,33
UHC service coverage index,SH.UHC.SRVS.CV.XD,Nigeria,NGA,..,..,..,..,..,..,..,..,..,..,..,39
UHC service coverage index,SH.UHC.SRVS.CV.XD,North Macedonia,MKD,..,..,..,..,..,..,..,..,..,..,..,70
UHC service coverage index,SH.UHC.SRVS.CV.XD,Northern Mariana Islands,MNP,..,..,..,..,..,..,..,..,..,..,..,..
UHC service coverage index,SH.UHC.SRVS.CV.XD,Norway,NOR,..,..,..,..,..,..,..,..,..,..,..,80
UHC service coverage index,SH.UHC.SRVS.CV.XD,Oman,OMN,..,..,..,..,..,..,..,..,..,..,..,72
UHC service coverage index,SH.UHC.SRVS.CV.XD,Pakistan,PAK,..,..,..,..,..,..,..,..,..,..,..,40
UHC service coverage index,SH.UHC.SRVS.CV.XD,Palau,PLW,..,..,..,..,..,..,..,..,..,..,..,..
UHC service coverage index,SH.UHC.SRVS.CV.XD,Panama,PAN,..,..,..,..,..,..,..,..,..,..,..,75
UHC service coverage index,SH.UHC.SRVS.CV.XD,Papua New Guinea,PNG,..,..,..,..,..,..,..,..,..,..,..,..
UHC service coverage index,SH.UHC.SRVS.CV.XD,Paraguay,PRY,..,..,..,..,..,..,..,..,..,..,..,69
UHC service coverage index,SH.UHC.SRVS.CV.XD,Peru,PER,..,..,..,..,..,..,..,..,..,..,..,78
UHC service coverage index,SH.UHC.SRVS.CV.XD,Philippines,PHL,..,..,..,..,..,..,..,..,..,..,..,58
UHC service coverage index,SH.UHC.SRVS.CV.XD,Poland,POL,..,..,..,..,..,..,..,..,..,..,..,75
UHC service coverage index,SH.UHC.SRVS.CV.XD,Portugal,PRT,..,..,..,..,..,..,..,..,..,..,..,80
UHC service coverage index,SH.UHC.SRVS.CV.XD,Puerto Rico,PRI,..,..,..,..,..,..,..,..,..,..,..,..
UHC service coverage index,SH.UHC.SRVS.CV.XD,Qatar,QAT,..,..,..,..,..,..,..,..,..,..,..,..
UHC service coverage index,SH.UHC.SRVS.CV.XD,Romania,ROU,..,..,..,..,..,..,..,..,..,..,..,72
UHC service coverage index,SH.UHC.SRVS.CV.XD,Russian Federation,RUS,..,..,..,..,..,..,..,..,..,..,..,63
UHC service coverage index,SH.UHC.SRVS.CV.XD,Rwanda,RWA,..,..,..,..,..,..,..,..,..,..,..,53
UHC service coverage index,SH.UHC.SRVS.CV.XD,Samoa,WSM,..,..,..,..,..,..,..,..,..,..,..,..
UHC service coverage index,SH.UHC.SRVS.CV.XD,San Marino,SMR,..,..,..,..,..,..,..,..,..,..,..,..
UHC service coverage index,SH.UHC.SRVS.CV.XD,Sao Tome and Principe,STP,..,..,..,..,..,..,..,..,..,..,..,54
UHC service coverage index,SH.UHC.SRVS.CV.XD,Saudi Arabia,SAU,..,..,..,..,..,..,..,..,..,..,..,..
UHC service coverage index,SH.UHC.SRVS.CV.XD,Senegal,SEN,..,..,..,..,..,..,..,..,..,..,..,41
UHC service coverage index,SH.UHC.SRVS.CV.XD,Serbia,SRB,..,..,..,..,..,..,..,..,..,..,..,65
UHC service coverage index,SH.UHC.SRVS.CV.XD,Seychelles,SYC,..,..,..,..,..,..,..,..,..,..,..,..
UHC service coverage index,SH.UHC.SRVS.CV.XD,Sierra Leone,SLE,..,..,..,..,..,..,..,..,..,..,..,36
UHC service coverage index,SH.UHC.SRVS.CV.XD,Singapore,SGP,..,..,..,..,..,..,..,..,..,..,..,..
UHC service coverage index,SH.UHC.SRVS.CV.XD,Sint Maarten (Dutch part),SXM,..,..,..,..,..,..,..,..,..,..,..,..
UHC service coverage index,SH.UHC.SRVS.CV.XD,Slovak Republic,SVK,..,..,..,..,..,..,..,..,..,..,..,76
UHC service coverage index,SH.UHC.SRVS.CV.XD,Slovenia,SVN,..,..,..,..,..,..,..,..,..,..,..,78
UHC service coverage index,SH.UHC.SRVS.CV.XD,Solomon Islands,SLB,..,..,..,..,..,..,..,..,..,..,..,..
UHC service coverage index,SH.UHC.SRVS.CV.XD,Somalia,SOM,..,..,..,..,..,..,..,..,..,..,..,..
UHC service coverage index,SH.UHC.SRVS.CV.XD,South Africa,ZAF,..,..,..,..,..,..,..,..,..,..,..,67
UHC service coverage index,SH.UHC.SRVS.CV.XD,South Sudan,SSD,..,..,..,..,..,..,..,..,..,..,..,..
UHC service coverage index,SH.UHC.SRVS.CV.XD,Spain,ESP,..,..,..,..,..,..,..,..,..,..,..,77
UHC service coverage index,SH.UHC.SRVS.CV.XD,Sri Lanka,LKA,..,..,..,..,..,..,..,..,..,..,..,62
UHC service coverage index,SH.UHC.SRVS.CV.XD,St. Kitts and Nevis,KNA,..,..,..,..,..,..,..,..,..,..,..,..
UHC service coverage index,SH.UHC.SRVS.CV.XD,St. Lucia,LCA,..,..,..,..,..,..,..,..,..,..,..,..
UHC service coverage index,SH.UHC.SRVS.CV.XD,St. Martin (French part),MAF,..,..,..,..,..,..,..,..,..,..,..,..
UHC service coverage index,SH.UHC.SRVS.CV.XD,St. Vincent and the Grenadines,VCT,..,..,..,..,..,..,..,..,..,..,..,..
UHC service coverage index,SH.UHC.SRVS.CV.XD,Sudan,SDN,..,..,..,..,..,..,..,..,..,..,..,..
UHC service coverage index,SH.UHC.SRVS.CV.XD,Suriname,SUR,..,..,..,..,..,..,..,..,..,..,..,..
UHC service coverage index,SH.UHC.SRVS.CV.XD,Sweden,SWE,..,..,..,..,..,..,..,..,..,..,..,80
UHC service coverage index,SH.UHC.SRVS.CV.XD,Switzerland,CHE,..,..,..,..,..,..,..,..,..,..,..,80
UHC service coverage index,SH.UHC.SRVS.CV.XD,Syrian Arab Republic,SYR,..,..,..,..,..,..,..,..,..,..,..,..
UHC service coverage index,SH.UHC.SRVS.CV.XD,Tajikistan,TJK,..,..,..,..,..,..,..,..,..,..,..,65
UHC service coverage index,SH.UHC.SRVS.CV.XD,Tanzania,TZA,..,..,..,..,..,..,..,..,..,..,..,39
UHC service coverage index,SH.UHC.SRVS.CV.XD,Thailand,THA,..,..,..,..,..,..,..,..,..,..,..,75
UHC service coverage index,SH.UHC.SRVS.CV.XD,Timor-Leste,TLS,..,..,..,..,..,..,..,..,..,..,..,47
UHC service coverage index,SH.UHC.SRVS.CV.XD,Togo,TGO,..,..,..,..,..,..,..,..,..,..,..,42
UHC service coverage index,SH.UHC.SRVS.CV.XD,Tonga,TON,..,..,..,..,..,..,..,..,..,..,..,..
UHC service coverage index,SH.UHC.SRVS.CV.XD,Trinidad and Tobago,TTO,..,..,..,..,..,..,..,..,..,..,..,..
UHC service coverage index,SH.UHC.SRVS.CV.XD,Tunisia,TUN,..,..,..,..,..,..,..,..,..,..,..,65
UHC service coverage index,SH.UHC.SRVS.CV.XD,Turkey,TUR,..,..,..,..,..,..,..,..,..,..,..,71
UHC service coverage index,SH.UHC.SRVS.CV.XD,Turkmenistan,TKM,..,..,..,..,..,..,..,..,..,..,..,..
UHC service coverage index,SH.UHC.SRVS.CV.XD,Turks and Caicos Islands,TCA,..,..,..,..,..,..,..,..,..,..,..,..
UHC service coverage index,SH.UHC.SRVS.CV.XD,Tuvalu,TUV,..,..,..,..,..,..,..,..,..,..,..,..
UHC service coverage index,SH.UHC.SRVS.CV.XD,Uganda,UGA,..,..,..,..,..,..,..,..,..,..,..,44
UHC service coverage index,SH.UHC.SRVS.CV.XD,Ukraine,UKR,..,..,..,..,..,..,..,..,..,..,..,63
UHC service coverage index,SH.UHC.SRVS.CV.XD,United Arab Emirates,ARE,..,..,..,..,..,..,..,..,..,..,..,..
UHC service coverage index,SH.UHC.SRVS.CV.XD,United Kingdom,GBR,..,..,..,..,..,..,..,..,..,..,..,80
UHC service coverage index,SH.UHC.SRVS.CV.XD,United States,USA,..,..,..,..,..,..,..,..,..,..,..,80
UHC service coverage index,SH.UHC.SRVS.CV.XD,Uruguay,URY,..,..,..,..,..,..,..,..,..,..,..,79
UHC service coverage index,SH.UHC.SRVS.CV.XD,Uzbekistan,UZB,..,..,..,..,..,..,..,..,..,..,..,..
UHC service coverage index,SH.UHC.SRVS.CV.XD,Vanuatu,VUT,..,..,..,..,..,..,..,..,..,..,..,..
UHC service coverage index,SH.UHC.SRVS.CV.XD,"Venezuela, RB",VEN,..,..,..,..,..,..,..,..,..,..,..,..
UHC service coverage index,SH.UHC.SRVS.CV.XD,Vietnam,VNM,..,..,..,..,..,..,..,..,..,..,..,73
UHC service coverage index,SH.UHC.SRVS.CV.XD,Virgin Islands (U.S.),VIR,..,..,..,..,..,..,..,..,..,..,..,..
UHC service coverage index,SH.UHC.SRVS.CV.XD,West Bank and Gaza,PSE,..,..,..,..,..,..,..,..,..,..,..,..
UHC service coverage index,SH.UHC.SRVS.CV.XD,"Yemen, Rep.",YEM,..,..,..,..,..,..,..,..,..,..,..,39
UHC service coverage index,SH.UHC.SRVS.CV.XD,Zambia,ZMB,..,..,..,..,..,..,..,..,..,..,..,56
UHC service coverage index,SH.UHC.SRVS.CV.XD,Zimbabwe,ZWE,..,..,..,..,..,..,..,..,..,..,..,..
UHC service coverage index,SH.UHC.SRVS.CV.XD,(SDG) Central/Southern Asia,9CS,..,..,..,..,..,..,..,..,..,..,..,"53,95652081"
UHC service coverage index,SH.UHC.SRVS.CV.XD,(SDG) Eastern/South Eastern Asia,9ES,..,..,..,..,..,..,..,..,..,..,..,"71,4777317"
UHC service coverage index,SH.UHC.SRVS.CV.XD,(SDG) Europe,9EU,..,..,..,..,..,..,..,..,..,..,..,"74,17988963"
UHC service coverage index,SH.UHC.SRVS.CV.XD,(SDG) Latin America & the Caribbean,9LC,..,..,..,..,..,..,..,..,..,..,..,"74,42681816"
UHC service coverage index,SH.UHC.SRVS.CV.XD,(SDG) Northern America,9NM,..,..,..,..,..,..,..,..,..,..,..,"83,30147229"
UHC service coverage index,SH.UHC.SRVS.CV.XD,(SDG) Oceania,9OC,..,..,..,..,..,..,..,..,..,..,..,"74,27287988"
UHC service coverage index,SH.UHC.SRVS.CV.XD,(SDG) Sub-Saharan Africa,9SS,..,..,..,..,..,..,..,..,..,..,..,"42,20830862"
UHC service coverage index,SH.UHC.SRVS.CV.XD,(SDG) Western Asia/Northern Africa,9WN,..,..,..,..,..,..,..,..,..,..,..,"64,68992265"
UHC service coverage index,SH.UHC.SRVS.CV.XD,(UN) Africa,8AF,..,..,..,..,..,..,..,..,..,..,..,"46,38057799"
UHC service coverage index,SH.UHC.SRVS.CV.XD,(UN) Asia,8AS,..,..,..,..,..,..,..,..,..,..,..,"63,49139777"
UHC service coverage index,SH.UHC.SRVS.CV.XD,(UN) Europe,8EU,..,..,..,..,..,..,..,..,..,..,..,"74,17988963"
UHC service coverage index,SH.UHC.SRVS.CV.XD,(UN) Latin America and the Caribbean,8LC,..,..,..,..,..,..,..,..,..,..,..,"74,42681816"
UHC service coverage index,SH.UHC.SRVS.CV.XD,(UN) North America,8NM,..,..,..,..,..,..,..,..,..,..,..,"83,30147229"
UHC service coverage index,SH.UHC.SRVS.CV.XD,(UN) Oceania,8OC,..,..,..,..,..,..,..,..,..,..,..,"74,27287988"
UHC service coverage index,SH.UHC.SRVS.CV.XD,(WHO) Africa Region,HAF,..,..,..,..,..,..,..,..,..,..,..,"43,84342585"
UHC service coverage index,SH.UHC.SRVS.CV.XD,(WHO) America Region,HAM,..,..,..,..,..,..,..,..,..,..,..,"77,64448052"
UHC service coverage index,SH.UHC.SRVS.CV.XD,(WHO) Eastern Mediterranean Region,HEM,..,..,..,..,..,..,..,..,..,..,..,"53,35588565"
UHC service coverage index,SH.UHC.SRVS.CV.XD,(WHO) European Region,HEU,..,..,..,..,..,..,..,..,..,..,..,"73,47705449"
UHC service coverage index,SH.UHC.SRVS.CV.XD,(WHO) South-East Asia Region,HAS,..,..,..,..,..,..,..,..,..,..,..,"55,08028466"
UHC service coverage index,SH.UHC.SRVS.CV.XD,(WHO) Western Pacific Region,HWP,..,..,..,..,..,..,..,..,..,..,..,"74,94020836"
UHC service coverage index,SH.UHC.SRVS.CV.XD,East Asia & Pacific,EAS,..,..,..,..,..,..,..,..,..,..,..,"71,52565795"
UHC service coverage index,SH.UHC.SRVS.CV.XD,Europe & Central Asia,ECS,..,..,..,..,..,..,..,..,..,..,..,"73,41394148"
UHC service coverage index,SH.UHC.SRVS.CV.XD,Latin America & Caribbean,LCN,..,..,..,..,..,..,..,..,..,..,..,"74,42681816"
UHC service coverage index,SH.UHC.SRVS.CV.XD,Middle East & North Africa,MEA,..,..,..,..,..,..,..,..,..,..,..,"65,50096486"
UHC service coverage index,SH.UHC.SRVS.CV.XD,North America,NAC,..,..,..,..,..,..,..,..,..,..,..,"83,30147229"
UHC service coverage index,SH.UHC.SRVS.CV.XD,South Asia,SAS,..,..,..,..,..,..,..,..,..,..,..,"52,82196813"
UHC service coverage index,SH.UHC.SRVS.CV.XD,Sub-Saharan Africa,SSF,..,..,..,..,..,..,..,..,..,..,..,"42,23430977"
UHC service coverage index,SH.UHC.SRVS.CV.XD,World,WLD,..,..,..,..,..,..,..,..,..,..,..,"63,74369056"
,,,,,,,,,,,,,,,
,,,,,,,,,,,,,,,
,,,,,,,,,,,,,,,
Data from database: Universal Health Coverage,,,,,,,,,,,,,,,
Last Updated: 04/25/2019,,,,,,,,,,,,,,,